total_seconds,cell_id
46860,55677
46860,103887
46860,140681
46860,142152
46860,141445
46860,142520
46860,140689
46860,27245
46860,141028
46860,142534
46860,141844
46860,42502
46860,141080
46860,84983
46860,141753
46860,142545
46860,86075
46860,139899
46860,142172
46860,141461
46860,140629
46860,139954
46860,61570
46860,100260
46860,142556
46860,141356
46860,83490
46860,141767
46860,141080
46860,84983
46860,86075
46860,88247
46860,27245
46860,73710
46860,141793
46860,142206
46860,141470
46860,141810
46860,141074
46860,75862
46860,61570
46860,141464
46860,56870
46860,142477
46860,141490
46860,142069
46860,84621
46860,84983
46860,142138
46860,141439
46860,100226
46860,25480
46860,142509
46860,89701
46860,142480
46860,94777
46860,141459
46860,140709
46860,84983
46860,114876
46860,142092
46860,77224
46860,142422
46860,142132
46860,142146
46860,51423
46860,94414
46860,142514
46860,79750
46860,76202
46860,89863
46860,142551
46860,141011
46860,142588
46860,100226
46860,73710
46860,142161
46860,25480
46860,142155
46860,73710
46860,139977
46860,89694
46860,141049
46860,79500
46860,94777
46860,141020
46860,142149
46860,86332
46860,142112
46860,141408
46860,56870
46860,25480
46860,141770
46860,141031
46860,88247
46860,141428
46860,139525
46860,142509
46860,140327
46860,39597
46920,55677
46920,103887
46920,140681
46920,142152
46920,141445
46920,142520
46920,140689
46920,27245
46920,141028
46920,142534
46920,141844
46920,42502
46920,141080
46920,84983
46920,141753
46920,142545
46920,86075
46920,139899
46920,142172
46920,141461
46920,140629
46920,139954
46920,61570
46920,100260
46920,142556
46920,141356
46920,83490
46920,141767
46920,141080
46920,84983
46920,86075
46920,88247
46920,27245
46920,73710
46920,141793
46920,142206
46920,141470
46920,141810
46920,141074
46920,75862
46920,61570
46920,141464
46920,56870
46920,142477
46920,141490
46920,142069
46920,84621
46920,84983
46920,142138
46920,141439
46920,100226
46920,25480
46920,142509
46920,89701
46920,142480
46920,94777
46920,141459
46920,140709
46920,84983
46920,114876
46920,142092
46920,77224
46920,142422
46920,142132
46920,142146
46920,51423
46920,94414
46920,142514
46920,79750
46920,76202
46920,89863
46920,142551
46920,141011
46920,142588
46920,100226
46920,73710
46920,142161
46920,25480
46920,142155
46920,73710
46920,139977
46920,89694
46920,141049
46920,79500
46920,94777
46920,141020
46920,142149
46920,86332
46920,142112
46920,141408
46920,56870
46920,25480
46920,141770
46920,141031
46920,88247
46920,141428
46920,139525
46920,142509
46920,140327
46920,39597
46980,55677
46980,103887
46980,140681
46980,142152
46980,141445
46980,142520
46980,140689
46980,27245
46980,141028
46980,142534
46980,141844
46980,42502
46980,141080
46980,84983
46980,141753
46980,142545
46980,86075
46980,139899
46980,142172
46980,141461
46980,140629
46980,139954
46980,61570
46980,100260
46980,142556
46980,141356
46980,83490
46980,141767
46980,141080
46980,84983
46980,86075
46980,88247
46980,27245
46980,73710
46980,141793
46980,142206
46980,141470
46980,141810
46980,141074
46980,75862
46980,61570
46980,141464
46980,56870
46980,142477
46980,141490
46980,142069
46980,84621
46980,84983
46980,142138
46980,141439
46980,100226
46980,25480
46980,142509
46980,89701
46980,142480
46980,94777
46980,141459
46980,140709
46980,84983
46980,114876
46980,142092
46980,77224
46980,142422
46980,142132
46980,142146
46980,51423
46980,94414
46980,142514
46980,79750
46980,76202
46980,89863
46980,142551
46980,141011
46980,142588
46980,100226
46980,73710
46980,142161
46980,25480
46980,142155
46980,73710
46980,139977
46980,89694
46980,141049
46980,79500
46980,94777
46980,141020
46980,142149
46980,86332
46980,142112
46980,141408
46980,56870
46980,25480
46980,141770
46980,141031
46980,88247
46980,141428
46980,139525
46980,142509
46980,140327
46980,39597
47040,55677
47040,103887
47040,140681
47040,142152
47040,141445
47040,142520
47040,140689
47040,27245
47040,141028
47040,142534
47040,141844
47040,42502
47040,141080
47040,84983
47040,141753
47040,142545
47040,86075
47040,139899
47040,142172
47040,141461
47040,140629
47040,139954
47040,61570
47040,100260
47040,142556
47040,141356
47040,83490
47040,141767
47040,141080
47040,84983
47040,86075
47040,88247
47040,27245
47040,73710
47040,141793
47040,142206
47040,141470
47040,141810
47040,141074
47040,75862
47040,61570
47040,141464
47040,56870
47040,142477
47040,141490
47040,142069
47040,84621
47040,84983
47040,142138
47040,141439
47040,100226
47040,25480
47040,142509
47040,89701
47040,142480
47040,94777
47040,141459
47040,140709
47040,84983
47040,114876
47040,142092
47040,77224
47040,142422
47040,142132
47040,142146
47040,51423
47040,94414
47040,142514
47040,79750
47040,76202
47040,89863
47040,142551
47040,141011
47040,142588
47040,100226
47040,73710
47040,142161
47040,25480
47040,142155
47040,73710
47040,139977
47040,89694
47040,141049
47040,79500
47040,94777
47040,141020
47040,142149
47040,86332
47040,142112
47040,141408
47040,56870
47040,25480
47040,141770
47040,141031
47040,88247
47040,141428
47040,139525
47040,142509
47040,140327
47040,39597
47100,55677
47100,103887
47100,140681
47100,142152
47100,141445
47100,142520
47100,140689
47100,27245
47100,141028
47100,142534
47100,141844
47100,42502
47100,141080
47100,84983
47100,141753
47100,142545
47100,86075
47100,139899
47100,142172
47100,141461
47100,140629
47100,139954
47100,61570
47100,100260
47100,142556
47100,141356
47100,83490
47100,141767
47100,141080
47100,84983
47100,86075
47100,88247
47100,27245
47100,73710
47100,141793
47100,142206
47100,141470
47100,141810
47100,141074
47100,75862
47100,61570
47100,141464
47100,56870
47100,142477
47100,141490
47100,142069
47100,84621
47100,84983
47100,142138
47100,141439
47100,100226
47100,25480
47100,142509
47100,89701
47100,142480
47100,94777
47100,141459
47100,140709
47100,84983
47100,114876
47100,142092
47100,77224
47100,142422
47100,142132
47100,142146
47100,51423
47100,94414
47100,142514
47100,79750
47100,76202
47100,89863
47100,142551
47100,141011
47100,142588
47100,100226
47100,73710
47100,142161
47100,25480
47100,142155
47100,73710
47100,139977
47100,89694
47100,141049
47100,79500
47100,94777
47100,141020
47100,142149
47100,86332
47100,142112
47100,141408
47100,56870
47100,25480
47100,141770
47100,141031
47100,88247
47100,141428
47100,139525
47100,142509
47100,140327
47100,39597
47160,55677
47160,103887
47160,140681
47160,142152
47160,141445
47160,142520
47160,140689
47160,27245
47160,141028
47160,142534
47160,141844
47160,42502
47160,141080
47160,84983
47160,141753
47160,142545
47160,86075
47160,139899
47160,142172
47160,141461
47160,140629
47160,139954
47160,61570
47160,100260
47160,142556
47160,141356
47160,83490
47160,141767
47160,141080
47160,84983
47160,86075
47160,88247
47160,27245
47160,73710
47160,141793
47160,142206
47160,141470
47160,141810
47160,141074
47160,75862
47160,61570
47160,141464
47160,56870
47160,142477
47160,141490
47160,142069
47160,84621
47160,84983
47160,142138
47160,141439
47160,100226
47160,25480
47160,142509
47160,89701
47160,142480
47160,94777
47160,141459
47160,140709
47160,84983
47160,114876
47160,142092
47160,77224
47160,142422
47160,142132
47160,142146
47160,51423
47160,94414
47160,142514
47160,79750
47160,76202
47160,89863
47160,142551
47160,141011
47160,142588
47160,100226
47160,73710
47160,142161
47160,25480
47160,142155
47160,73710
47160,139977
47160,89694
47160,141049
47160,79500
47160,94777
47160,141020
47160,142149
47160,86332
47160,142112
47160,141408
47160,56870
47160,25480
47160,141770
47160,141031
47160,88247
47160,141428
47160,139525
47160,142509
47160,140327
47160,39597
47220,55677
47220,103887
47220,140681
47220,142152
47220,141445
47220,142520
47220,140689
47220,27245
47220,141028
47220,142534
47220,141844
47220,42502
47220,141080
47220,84983
47220,141753
47220,142545
47220,86075
47220,139899
47220,142172
47220,141461
47220,140629
47220,139954
47220,61570
47220,100260
47220,142556
47220,141356
47220,83490
47220,141767
47220,141080
47220,84983
47220,86075
47220,88247
47220,27245
47220,73710
47220,141793
47220,142206
47220,141470
47220,141810
47220,141074
47220,75862
47220,61570
47220,141464
47220,56870
47220,142477
47220,141490
47220,142069
47220,84621
47220,84983
47220,142138
47220,141439
47220,100226
47220,25480
47220,142509
47220,89701
47220,142480
47220,94777
47220,141459
47220,140709
47220,84983
47220,114876
47220,142092
47220,77224
47220,142422
47220,142132
47220,142146
47220,51423
47220,94414
47220,142514
47220,79750
47220,76202
47220,89863
47220,142551
47220,141011
47220,142588
47220,100226
47220,73710
47220,142161
47220,25480
47220,142155
47220,73710
47220,139977
47220,89694
47220,141049
47220,79500
47220,94777
47220,141020
47220,142149
47220,86332
47220,142112
47220,141408
47220,56870
47220,25480
47220,141770
47220,141031
47220,88247
47220,141428
47220,139525
47220,142509
47220,140327
47220,39597
47280,55677
47280,103887
47280,140681
47280,142152
47280,141445
47280,142520
47280,140689
47280,27245
47280,141028
47280,142534
47280,141844
47280,42502
47280,141080
47280,84983
47280,141753
47280,142545
47280,86075
47280,139899
47280,142172
47280,141461
47280,140629
47280,139954
47280,61570
47280,100260
47280,142556
47280,141356
47280,83490
47280,141767
47280,141080
47280,84983
47280,86075
47280,88247
47280,27245
47280,73710
47280,141793
47280,142206
47280,141470
47280,141810
47280,141074
47280,75862
47280,61570
47280,141464
47280,56870
47280,142477
47280,141490
47280,142069
47280,84621
47280,84983
47280,142138
47280,141439
47280,100226
47280,25480
47280,142509
47280,89701
47280,142480
47280,94777
47280,141459
47280,140709
47280,84983
47280,114876
47280,142092
47280,79044
47280,142422
47280,142132
47280,142146
47280,51423
47280,94414
47280,142514
47280,79750
47280,76202
47280,89863
47280,142551
47280,141011
47280,142588
47280,100226
47280,73710
47280,142161
47280,25480
47280,142155
47280,73710
47280,139977
47280,89694
47280,141049
47280,79500
47280,94777
47280,141020
47280,142149
47280,86332
47280,142112
47280,141408
47280,56870
47280,25480
47280,141770
47280,141031
47280,88247
47280,141428
47280,139525
47280,142509
47280,140327
47280,39597
47340,55677
47340,103887
47340,140681
47340,142152
47340,141445
47340,142520
47340,140689
47340,27245
47340,141028
47340,142534
47340,141844
47340,42502
47340,141080
47340,84983
47340,141753
47340,142545
47340,86075
47340,139899
47340,142172
47340,141461
47340,140629
47340,139954
47340,61570
47340,100260
47340,142556
47340,141356
47340,83490
47340,141767
47340,141080
47340,84983
47340,86075
47340,88247
47340,27245
47340,73710
47340,141793
47340,142206
47340,141470
47340,141810
47340,141074
47340,75862
47340,61570
47340,141464
47340,56870
47340,142477
47340,141490
47340,142069
47340,84621
47340,84983
47340,142138
47340,141439
47340,100226
47340,25480
47340,142509
47340,89701
47340,142480
47340,94777
47340,141459
47340,140709
47340,84983
47340,114876
47340,142092
47340,79044
47340,142422
47340,142132
47340,142146
47340,51423
47340,94414
47340,142514
47340,79750
47340,76202
47340,89863
47340,142551
47340,141011
47340,142588
47340,100226
47340,73710
47340,142161
47340,25480
47340,142155
47340,73710
47340,139977
47340,89694
47340,141049
47340,79500
47340,94777
47340,141020
47340,142149
47340,86332
47340,142112
47340,141408
47340,56870
47340,25480
47340,141770
47340,141031
47340,88247
47340,141428
47340,139525
47340,142509
47340,140327
47340,39597
47400,55677
47400,103887
47400,140681
47400,142152
47400,141445
47400,142520
47400,140689
47400,27245
47400,141028
47400,142534
47400,141844
47400,42502
47400,141080
47400,84983
47400,141753
47400,142545
47400,86075
47400,139899
47400,142172
47400,141461
47400,140629
47400,139954
47400,61570
47400,100260
47400,142556
47400,141356
47400,83490
47400,141767
47400,141080
47400,84983
47400,86075
47400,88247
47400,27245
47400,73710
47400,141793
47400,142206
47400,141470
47400,141810
47400,141074
47400,75862
47400,61570
47400,141464
47400,56870
47400,142477
47400,141490
47400,142069
47400,84621
47400,84983
47400,142138
47400,141439
47400,100226
47400,25480
47400,142509
47400,89701
47400,142480
47400,94777
47400,141459
47400,140709
47400,84983
47400,114876
47400,142092
47400,79044
47400,142422
47400,142132
47400,142146
47400,51423
47400,94414
47400,142514
47400,79750
47400,76202
47400,89863
47400,142551
47400,141011
47400,142588
47400,100226
47400,73710
47400,142161
47400,25480
47400,142155
47400,73710
47400,139977
47400,89694
47400,141049
47400,79500
47400,94777
47400,141020
47400,142149
47400,86332
47400,142112
47400,141408
47400,56870
47400,25480
47400,141770
47400,141031
47400,88247
47400,141428
47400,139525
47400,142509
47400,140327
47400,39597
47460,55677
47460,103887
47460,140681
47460,142152
47460,141445
47460,142520
47460,140689
47460,27245
47460,141028
47460,142534
47460,141844
47460,42502
47460,141080
47460,84983
47460,141753
47460,142545
47460,86075
47460,139899
47460,142172
47460,141461
47460,140629
47460,139954
47460,61570
47460,100260
47460,142556
47460,141356
47460,83490
47460,141767
47460,141080
47460,84983
47460,86075
47460,88247
47460,27245
47460,73710
47460,141793
47460,142206
47460,141470
47460,141810
47460,141074
47460,75862
47460,61570
47460,141464
47460,56870
47460,142477
47460,141490
47460,142069
47460,84621
47460,84983
47460,142138
47460,141439
47460,100226
47460,25480
47460,142509
47460,89701
47460,142480
47460,94777
47460,141459
47460,140709
47460,84983
47460,114876
47460,142092
47460,79044
47460,142422
47460,142132
47460,142146
47460,51423
47460,94414
47460,142514
47460,79750
47460,76202
47460,81085
47460,142551
47460,141011
47460,142588
47460,100226
47460,73710
47460,142161
47460,25480
47460,142155
47460,73710
47460,139977
47460,89694
47460,141049
47460,79500
47460,94777
47460,141020
47460,142149
47460,86332
47460,142112
47460,141408
47460,56870
47460,25480
47460,141770
47460,141031
47460,88247
47460,141428
47460,139525
47460,142509
47460,140327
47460,39597
47520,55677
47520,103887
47520,140681
47520,142152
47520,141445
47520,142520
47520,140689
47520,27245
47520,141028
47520,142534
47520,141844
47520,42502
47520,141080
47520,84983
47520,141753
47520,142545
47520,86075
47520,139899
47520,142172
47520,141461
47520,140629
47520,139954
47520,56828
47520,100260
47520,142556
47520,141356
47520,83490
47520,141767
47520,141080
47520,84983
47520,86075
47520,88247
47520,27245
47520,73710
47520,141793
47520,142206
47520,141470
47520,141810
47520,141074
47520,75862
47520,61570
47520,141464
47520,56870
47520,142477
47520,141490
47520,142069
47520,84621
47520,84983
47520,142138
47520,141439
47520,100226
47520,25480
47520,142509
47520,89701
47520,142480
47520,94777
47520,141459
47520,140709
47520,84983
47520,114876
47520,142092
47520,79044
47520,142422
47520,142132
47520,142146
47520,51423
47520,94414
47520,142514
47520,79750
47520,76202
47520,81085
47520,142551
47520,141011
47520,142588
47520,100226
47520,73710
47520,142161
47520,25480
47520,142155
47520,73710
47520,139977
47520,89694
47520,141049
47520,79500
47520,94777
47520,141020
47520,142149
47520,86332
47520,142112
47520,141408
47520,56870
47520,25480
47520,141770
47520,141031
47520,88247
47520,141428
47520,139525
47520,142509
47520,140327
47520,39597
47580,55677
47580,103887
47580,140681
47580,142152
47580,141445
47580,142520
47580,140689
47580,27245
47580,141028
47580,142534
47580,141844
47580,42502
47580,141080
47580,84983
47580,141753
47580,142545
47580,86075
47580,139899
47580,142172
47580,141461
47580,140629
47580,139954
47580,56828
47580,100260
47580,142556
47580,141356
47580,83490
47580,141767
47580,141080
47580,84983
47580,86075
47580,88247
47580,27245
47580,73710
47580,141793
47580,142206
47580,141470
47580,141810
47580,141074
47580,75862
47580,61570
47580,141464
47580,56870
47580,142477
47580,141490
47580,142069
47580,84621
47580,84983
47580,142138
47580,141439
47580,100226
47580,25480
47580,142509
47580,89701
47580,142480
47580,94777
47580,141459
47580,140709
47580,84983
47580,114876
47580,142092
47580,79044
47580,142422
47580,142132
47580,142146
47580,51423
47580,94414
47580,142514
47580,80059
47580,76202
47580,81085
47580,142551
47580,141011
47580,142588
47580,100226
47580,73710
47580,142161
47580,25480
47580,142155
47580,73710
47580,139977
47580,89694
47580,141049
47580,79500
47580,94777
47580,141020
47580,142149
47580,86332
47580,142112
47580,141408
47580,56870
47580,25480
47580,141770
47580,141031
47580,88247
47580,141428
47580,139525
47580,142509
47580,140327
47580,39597
47640,55677
47640,103887
47640,140681
47640,142152
47640,141445
47640,142520
47640,140689
47640,27245
47640,141028
47640,142534
47640,141844
47640,42502
47640,141080
47640,84983
47640,141753
47640,142545
47640,86075
47640,139899
47640,142172
47640,141461
47640,140629
47640,139954
47640,56828
47640,100260
47640,142556
47640,141356
47640,83490
47640,141767
47640,141080
47640,84983
47640,86075
47640,88247
47640,27245
47640,73710
47640,141793
47640,142206
47640,141470
47640,141810
47640,141074
47640,75862
47640,61570
47640,141464
47640,56870
47640,142477
47640,141490
47640,142069
47640,84621
47640,84983
47640,142138
47640,141439
47640,100226
47640,25480
47640,142509
47640,89701
47640,142480
47640,94777
47640,141459
47640,140709
47640,84983
47640,114876
47640,142092
47640,79044
47640,142422
47640,142132
47640,142146
47640,51423
47640,94414
47640,142514
47640,80059
47640,76202
47640,81085
47640,142551
47640,141011
47640,142588
47640,100226
47640,73710
47640,142161
47640,25480
47640,142155
47640,73710
47640,139977
47640,89694
47640,141049
47640,79500
47640,94777
47640,141020
47640,142149
47640,86332
47640,142112
47640,141408
47640,56870
47640,25480
47640,141770
47640,141031
47640,88247
47640,141428
47640,139525
47640,142509
47640,140327
47640,39597
47700,55677
47700,103887
47700,140681
47700,142152
47700,141445
47700,142520
47700,140689
47700,27245
47700,141028
47700,142534
47700,141844
47700,42502
47700,141080
47700,84983
47700,141753
47700,142545
47700,86075
47700,139899
47700,142172
47700,141461
47700,140629
47700,139954
47700,56828
47700,100260
47700,142556
47700,141356
47700,83490
47700,141767
47700,141080
47700,84983
47700,86075
47700,88247
47700,27245
47700,73710
47700,141793
47700,142206
47700,141470
47700,141810
47700,141074
47700,75862
47700,61570
47700,141464
47700,56870
47700,142477
47700,141490
47700,142069
47700,84621
47700,84983
47700,142138
47700,141439
47700,100226
47700,25480
47700,142509
47700,89701
47700,142480
47700,94777
47700,141459
47700,140709
47700,84983
47700,114876
47700,142092
47700,79044
47700,142422
47700,142132
47700,142146
47700,51423
47700,94414
47700,142514
47700,80059
47700,76202
47700,81085
47700,142551
47700,141011
47700,142588
47700,100226
47700,73710
47700,142161
47700,25480
47700,142155
47700,73710
47700,139977
47700,89694
47700,141049
47700,79500
47700,94777
47700,141020
47700,142149
47700,86332
47700,142112
47700,141408
47700,56870
47700,25480
47700,141770
47700,141031
47700,88247
47700,141428
47700,139525
47700,142509
47700,140327
47700,39597
47760,55677
47760,103887
47760,140681
47760,142152
47760,141445
47760,142520
47760,140689
47760,27245
47760,141028
47760,142534
47760,141844
47760,42502
47760,141080
47760,84983
47760,141753
47760,142545
47760,86075
47760,139899
47760,142172
47760,141461
47760,140629
47760,139954
47760,56828
47760,100260
47760,142556
47760,141356
47760,83490
47760,141767
47760,141080
47760,84983
47760,86075
47760,88247
47760,27245
47760,73710
47760,141793
47760,142206
47760,141470
47760,141810
47760,141074
47760,75862
47760,61570
47760,141464
47760,56870
47760,142477
47760,141490
47760,142069
47760,84621
47760,84983
47760,142138
47760,141439
47760,100226
47760,25480
47760,142509
47760,89701
47760,142480
47760,94777
47760,141459
47760,140709
47760,84983
47760,114876
47760,142092
47760,79044
47760,142422
47760,142132
47760,142146
47760,51423
47760,94414
47760,142514
47760,80059
47760,76202
47760,81085
47760,142551
47760,141011
47760,142588
47760,100226
47760,73710
47760,142161
47760,25480
47760,142155
47760,73710
47760,139977
47760,89694
47760,141049
47760,79500
47760,94777
47760,141020
47760,142149
47760,86332
47760,142112
47760,141408
47760,56870
47760,25480
47760,141770
47760,141031
47760,88247
47760,141428
47760,139525
47760,142509
47760,140327
47760,39597
47820,55677
47820,103887
47820,140681
47820,142152
47820,141445
47820,142520
47820,140689
47820,27245
47820,141028
47820,142534
47820,141844
47820,42502
47820,141080
47820,84983
47820,141753
47820,142545
47820,86075
47820,139899
47820,142172
47820,141461
47820,140629
47820,139954
47820,56828
47820,100260
47820,142556
47820,141356
47820,83490
47820,141767
47820,141080
47820,84983
47820,86075
47820,88247
47820,27245
47820,73710
47820,141793
47820,142206
47820,141470
47820,141810
47820,141074
47820,75862
47820,61570
47820,141464
47820,56870
47820,142477
47820,141490
47820,142069
47820,84621
47820,84983
47820,142138
47820,141439
47820,100226
47820,25480
47820,142509
47820,89701
47820,142480
47820,94777
47820,141459
47820,140709
47820,84983
47820,114876
47820,142092
47820,79044
47820,142422
47820,142132
47820,142146
47820,51423
47820,94414
47820,142514
47820,80059
47820,76202
47820,81085
47820,142551
47820,141011
47820,142588
47820,100226
47820,73710
47820,142161
47820,25480
47820,142155
47820,73710
47820,139977
47820,89694
47820,141049
47820,79500
47820,94777
47820,141020
47820,142149
47820,86332
47820,142112
47820,141408
47820,56870
47820,25480
47820,141770
47820,141031
47820,88247
47820,141428
47820,139525
47820,142509
47820,140327
47820,39597
47880,55677
47880,103887
47880,140681
47880,142152
47880,141445
47880,142520
47880,140689
47880,27245
47880,141028
47880,142534
47880,141844
47880,42502
47880,141080
47880,84983
47880,141753
47880,142545
47880,86075
47880,139899
47880,142172
47880,141461
47880,140629
47880,139954
47880,56828
47880,100260
47880,142556
47880,141356
47880,83490
47880,141767
47880,141080
47880,84983
47880,86075
47880,88247
47880,27245
47880,73710
47880,141793
47880,142206
47880,141470
47880,141810
47880,141074
47880,75862
47880,61570
47880,141464
47880,56870
47880,142477
47880,141490
47880,142069
47880,84621
47880,84983
47880,142138
47880,141439
47880,100226
47880,25480
47880,142509
47880,89701
47880,142480
47880,94777
47880,141459
47880,140709
47880,84983
47880,114876
47880,142092
47880,79044
47880,142422
47880,142132
47880,142146
47880,51423
47880,94414
47880,142514
47880,80059
47880,76202
47880,81085
47880,142551
47880,141011
47880,142588
47880,100226
47880,73710
47880,142161
47880,25480
47880,142155
47880,73710
47880,139977
47880,89694
47880,141049
47880,79500
47880,94777
47880,141020
47880,142149
47880,86332
47880,142112
47880,141408
47880,56870
47880,25480
47880,141770
47880,141031
47880,88247
47880,141428
47880,139525
47880,142509
47880,140327
47880,39597
47940,55677
47940,103887
47940,140681
47940,142152
47940,141445
47940,142520
47940,140689
47940,27245
47940,141028
47940,142534
47940,141844
47940,42502
47940,141080
47940,84983
47940,141753
47940,142545
47940,86075
47940,139899
47940,142172
47940,141461
47940,140629
47940,139954
47940,56828
47940,100260
47940,142556
47940,141356
47940,83490
47940,141767
47940,141080
47940,84983
47940,86075
47940,88247
47940,27245
47940,73710
47940,141793
47940,142206
47940,141470
47940,141810
47940,141074
47940,75862
47940,61570
47940,141464
47940,56870
47940,142477
47940,141490
47940,142069
47940,84621
47940,84983
47940,142138
47940,141439
47940,100226
47940,25480
47940,142509
47940,89701
47940,142480
47940,94777
47940,141459
47940,140709
47940,84983
47940,114876
47940,142092
47940,72845
47940,142422
47940,142132
47940,142146
47940,51423
47940,94414
47940,142514
47940,81170
47940,76202
47940,81085
47940,142551
47940,141011
47940,142588
47940,100226
47940,73710
47940,142161
47940,25480
47940,142155
47940,73710
47940,139977
47940,89694
47940,141049
47940,79500
47940,94777
47940,141020
47940,142149
47940,86332
47940,142112
47940,141408
47940,56870
47940,25480
47940,141770
47940,141031
47940,88247
47940,141428
47940,139525
47940,142509
47940,140327
47940,39597
48000,55677
48000,103887
48000,140681
48000,142152
48000,141445
48000,142520
48000,140689
48000,27245
48000,141028
48000,142534
48000,141844
48000,42502
48000,141080
48000,84983
48000,141753
48000,142545
48000,86075
48000,139899
48000,142172
48000,141461
48000,140629
48000,139954
48000,56828
48000,100260
48000,142556
48000,141356
48000,83490
48000,141767
48000,141080
48000,84983
48000,86075
48000,88247
48000,27245
48000,73710
48000,141793
48000,142206
48000,141470
48000,141810
48000,141074
48000,75862
48000,61570
48000,141464
48000,56870
48000,142477
48000,141490
48000,142069
48000,84621
48000,84983
48000,142138
48000,141439
48000,100226
48000,25480
48000,142509
48000,89701
48000,142480
48000,94777
48000,141459
48000,140709
48000,84983
48000,114876
48000,142092
48000,72845
48000,142422
48000,142132
48000,142146
48000,51423
48000,94414
48000,142514
48000,81170
48000,76202
48000,81085
48000,142551
48000,141011
48000,142588
48000,100226
48000,73710
48000,142161
48000,25480
48000,142155
48000,73710
48000,139977
48000,89694
48000,141049
48000,79500
48000,94777
48000,141020
48000,142149
48000,86332
48000,142112
48000,141408
48000,56870
48000,25480
48000,141770
48000,141031
48000,88247
48000,141428
48000,139525
48000,142509
48000,140327
48000,39597
48060,55677
48060,103887
48060,140681
48060,142152
48060,141445
48060,142520
48060,140689
48060,27245
48060,141028
48060,142534
48060,141844
48060,42502
48060,141080
48060,84983
48060,141753
48060,142545
48060,86075
48060,139899
48060,142172
48060,141461
48060,140629
48060,139954
48060,56828
48060,100260
48060,142556
48060,141356
48060,83490
48060,141767
48060,141080
48060,84983
48060,86075
48060,88247
48060,27245
48060,73710
48060,141793
48060,142206
48060,141470
48060,141810
48060,141074
48060,75862
48060,61570
48060,141464
48060,56870
48060,142477
48060,141490
48060,142069
48060,84621
48060,84983
48060,142138
48060,141439
48060,100226
48060,25480
48060,142509
48060,89701
48060,142480
48060,94777
48060,141459
48060,140709
48060,84983
48060,114876
48060,142092
48060,72845
48060,142422
48060,142132
48060,142146
48060,51423
48060,94414
48060,142514
48060,81170
48060,76202
48060,81085
48060,142551
48060,141011
48060,142588
48060,100226
48060,73710
48060,142161
48060,25480
48060,142155
48060,73710
48060,139977
48060,89694
48060,141049
48060,79500
48060,94777
48060,141020
48060,142149
48060,86332
48060,142112
48060,141408
48060,56870
48060,25480
48060,141770
48060,141031
48060,88247
48060,141428
48060,139525
48060,142509
48060,140327
48060,39597
48120,55677
48120,103887
48120,140681
48120,142152
48120,141445
48120,142520
48120,140689
48120,27245
48120,141028
48120,142534
48120,141844
48120,42502
48120,141080
48120,84983
48120,141753
48120,142545
48120,86075
48120,139899
48120,142172
48120,141461
48120,140629
48120,139954
48120,56828
48120,100260
48120,142556
48120,141356
48120,83490
48120,141767
48120,141080
48120,84983
48120,86075
48120,88247
48120,27245
48120,73710
48120,141793
48120,142206
48120,141470
48120,141810
48120,141074
48120,75862
48120,61570
48120,141464
48120,56870
48120,142477
48120,141490
48120,142069
48120,84621
48120,84983
48120,142138
48120,141439
48120,100226
48120,25480
48120,142509
48120,89701
48120,142480
48120,94777
48120,141459
48120,140709
48120,84983
48120,114876
48120,142092
48120,72845
48120,142422
48120,142132
48120,142146
48120,51423
48120,94414
48120,142514
48120,81170
48120,76202
48120,81085
48120,142551
48120,141011
48120,142588
48120,100226
48120,73710
48120,142161
48120,25480
48120,142155
48120,73710
48120,139977
48120,89694
48120,141049
48120,79500
48120,94777
48120,141020
48120,142149
48120,86332
48120,142112
48120,141408
48120,56870
48120,25480
48120,141770
48120,141031
48120,88247
48120,141428
48120,139525
48120,142509
48120,140327
48120,39597
48180,55677
48180,103887
48180,140681
48180,142152
48180,141445
48180,142520
48180,140689
48180,27245
48180,141028
48180,142534
48180,141844
48180,42502
48180,141080
48180,84983
48180,141753
48180,142545
48180,86075
48180,139899
48180,142172
48180,141461
48180,140629
48180,139954
48180,56828
48180,100260
48180,142556
48180,141356
48180,83490
48180,141767
48180,141080
48180,84983
48180,86075
48180,88247
48180,27245
48180,73710
48180,141793
48180,142206
48180,141470
48180,141810
48180,141074
48180,75862
48180,61570
48180,141464
48180,56870
48180,142477
48180,141490
48180,142069
48180,84621
48180,84983
48180,142138
48180,141439
48180,100226
48180,25480
48180,142509
48180,89701
48180,142480
48180,94777
48180,141459
48180,140709
48180,84983
48180,114876
48180,142092
48180,72845
48180,142422
48180,142132
48180,142146
48180,51423
48180,94414
48180,142514
48180,81170
48180,76202
48180,81085
48180,142551
48180,141011
48180,142588
48180,100226
48180,73710
48180,142161
48180,25480
48180,142155
48180,73710
48180,139977
48180,89694
48180,141049
48180,79500
48180,94777
48180,141020
48180,142149
48180,86332
48180,142112
48180,141408
48180,56870
48180,25480
48180,141770
48180,141031
48180,88247
48180,141428
48180,139525
48180,142509
48180,140327
48180,39597
48240,55677
48240,103887
48240,140681
48240,142152
48240,141445
48240,142520
48240,140689
48240,27245
48240,141028
48240,142534
48240,141844
48240,42502
48240,141080
48240,84983
48240,141753
48240,142545
48240,86075
48240,139899
48240,142172
48240,141461
48240,140629
48240,139954
48240,56828
48240,100260
48240,142556
48240,141356
48240,83490
48240,141767
48240,141080
48240,84983
48240,86075
48240,88247
48240,27245
48240,73710
48240,141793
48240,142206
48240,141470
48240,141810
48240,141074
48240,75862
48240,61570
48240,141464
48240,56870
48240,142477
48240,141490
48240,142069
48240,84621
48240,84983
48240,142138
48240,141439
48240,100226
48240,25480
48240,142509
48240,89701
48240,142480
48240,94777
48240,141459
48240,140709
48240,84983
48240,114876
48240,142092
48240,72845
48240,142422
48240,142132
48240,142146
48240,51423
48240,94414
48240,142514
48240,81170
48240,76202
48240,81085
48240,142551
48240,141011
48240,142588
48240,100226
48240,73710
48240,142161
48240,25480
48240,142155
48240,73710
48240,139977
48240,89694
48240,141049
48240,79500
48240,94777
48240,141020
48240,142149
48240,86332
48240,142112
48240,141408
48240,56870
48240,25480
48240,141770
48240,141031
48240,88247
48240,141428
48240,139525
48240,142509
48240,140327
48240,39597
48300,55677
48300,103887
48300,140681
48300,142152
48300,141445
48300,142520
48300,140689
48300,27245
48300,141028
48300,142534
48300,141844
48300,42502
48300,141080
48300,84983
48300,141753
48300,142545
48300,86075
48300,139899
48300,142172
48300,141461
48300,140629
48300,139954
48300,56828
48300,100260
48300,142556
48300,141356
48300,83490
48300,141767
48300,141080
48300,84983
48300,86075
48300,88247
48300,27245
48300,73710
48300,141793
48300,142206
48300,141470
48300,141810
48300,141074
48300,75862
48300,61570
48300,141464
48300,56870
48300,142477
48300,141490
48300,142069
48300,84621
48300,84983
48300,142138
48300,141439
48300,100226
48300,25480
48300,142509
48300,89701
48300,142480
48300,94777
48300,141459
48300,140709
48300,84983
48300,114876
48300,142092
48300,72845
48300,142422
48300,142132
48300,142146
48300,51423
48300,94414
48300,142514
48300,81170
48300,76202
48300,81085
48300,142551
48300,141011
48300,142588
48300,100226
48300,73710
48300,142161
48300,25480
48300,142155
48300,73710
48300,139977
48300,89694
48300,141049
48300,79500
48300,94777
48300,141020
48300,142149
48300,86332
48300,142112
48300,141408
48300,56870
48300,25480
48300,141770
48300,141031
48300,88247
48300,141428
48300,139525
48300,142509
48300,140327
48300,39597
48360,55677
48360,103887
48360,140681
48360,142152
48360,141445
48360,142520
48360,140689
48360,27245
48360,141028
48360,142534
48360,141844
48360,42502
48360,141080
48360,84983
48360,141753
48360,142545
48360,86075
48360,139899
48360,142172
48360,141461
48360,140629
48360,139954
48360,56828
48360,100260
48360,142556
48360,141356
48360,83490
48360,141767
48360,141080
48360,84983
48360,86075
48360,88247
48360,27245
48360,73710
48360,141793
48360,142206
48360,141470
48360,141810
48360,141074
48360,75862
48360,61570
48360,141464
48360,56870
48360,142477
48360,141490
48360,142069
48360,84621
48360,84983
48360,142138
48360,141439
48360,100226
48360,25480
48360,142509
48360,89701
48360,142480
48360,94777
48360,141459
48360,140709
48360,84983
48360,114876
48360,142092
48360,72845
48360,142422
48360,142132
48360,142146
48360,51423
48360,94414
48360,142514
48360,81170
48360,76202
48360,81085
48360,142551
48360,141011
48360,142588
48360,100226
48360,73710
48360,142161
48360,25480
48360,142155
48360,73710
48360,139977
48360,89694
48360,141049
48360,79500
48360,94777
48360,141020
48360,142149
48360,86332
48360,142112
48360,141408
48360,56870
48360,25480
48360,141770
48360,141031
48360,88247
48360,141428
48360,139525
48360,142509
48360,140327
48360,39597
48420,55677
48420,103887
48420,140681
48420,142152
48420,141445
48420,142520
48420,140689
48420,27245
48420,141028
48420,142534
48420,141844
48420,42502
48420,141080
48420,84983
48420,141753
48420,142545
48420,86075
48420,139899
48420,142172
48420,141461
48420,140629
48420,139954
48420,56828
48420,100260
48420,142556
48420,141356
48420,83490
48420,141767
48420,141080
48420,84983
48420,86075
48420,88247
48420,27245
48420,73710
48420,141793
48420,142206
48420,141470
48420,141810
48420,141074
48420,75862
48420,61570
48420,141464
48420,56870
48420,142477
48420,141490
48420,142069
48420,84621
48420,84983
48420,142138
48420,141439
48420,100226
48420,25480
48420,142509
48420,89701
48420,142480
48420,94777
48420,141459
48420,140709
48420,84983
48420,114876
48420,142092
48420,72845
48420,142422
48420,142132
48420,142146
48420,51423
48420,94414
48420,142514
48420,81170
48420,76202
48420,81085
48420,142551
48420,141011
48420,142588
48420,100226
48420,73710
48420,142161
48420,25480
48420,142155
48420,73710
48420,139977
48420,89694
48420,141049
48420,79500
48420,94777
48420,141020
48420,142149
48420,86332
48420,142112
48420,141408
48420,56870
48420,25480
48420,141770
48420,141031
48420,88247
48420,141428
48420,139525
48420,142509
48420,140327
48420,39597
48480,55677
48480,103887
48480,140681
48480,142152
48480,141445
48480,142520
48480,140689
48480,27245
48480,141028
48480,142534
48480,141844
48480,42502
48480,141080
48480,84983
48480,141753
48480,142545
48480,86075
48480,139899
48480,142172
48480,141461
48480,140629
48480,139954
48480,56828
48480,100260
48480,142556
48480,141356
48480,83490
48480,141767
48480,141080
48480,84983
48480,86075
48480,88247
48480,27245
48480,73710
48480,141793
48480,142206
48480,141470
48480,141810
48480,141074
48480,75862
48480,61570
48480,141464
48480,56870
48480,142477
48480,141490
48480,142069
48480,84621
48480,84983
48480,142138
48480,141439
48480,100226
48480,25480
48480,142509
48480,89701
48480,142480
48480,94777
48480,141459
48480,140709
48480,84983
48480,114876
48480,142092
48480,72845
48480,142422
48480,142132
48480,142146
48480,51423
48480,94414
48480,142514
48480,81170
48480,76202
48480,81085
48480,142551
48480,141011
48480,142588
48480,100226
48480,73710
48480,142161
48480,25480
48480,142155
48480,73710
48480,139977
48480,89694
48480,141049
48480,79500
48480,94777
48480,141020
48480,142149
48480,86332
48480,142112
48480,141408
48480,56870
48480,25480
48480,141770
48480,141031
48480,88247
48480,141428
48480,139525
48480,142509
48480,140327
48480,39597
48540,55677
48540,103887
48540,140681
48540,142152
48540,141445
48540,142520
48540,140689
48540,27245
48540,141028
48540,142534
48540,141844
48540,42502
48540,141080
48540,84983
48540,141753
48540,142545
48540,86075
48540,139899
48540,142172
48540,141461
48540,140629
48540,139954
48540,56828
48540,100260
48540,142556
48540,141356
48540,83490
48540,141767
48540,141080
48540,84983
48540,86075
48540,88247
48540,27245
48540,73710
48540,141793
48540,142206
48540,141470
48540,141810
48540,141074
48540,75862
48540,61570
48540,141464
48540,56870
48540,142477
48540,141490
48540,142069
48540,84621
48540,84983
48540,142138
48540,141439
48540,100226
48540,25480
48540,142509
48540,89701
48540,142480
48540,94777
48540,141459
48540,140709
48540,84983
48540,114876
48540,142092
48540,70293
48540,142422
48540,142132
48540,142146
48540,51423
48540,94414
48540,142514
48540,85564
48540,76202
48540,81085
48540,142551
48540,141011
48540,142588
48540,100226
48540,73710
48540,142161
48540,25480
48540,142155
48540,73710
48540,139977
48540,89694
48540,141049
48540,79500
48540,94777
48540,141020
48540,142149
48540,86332
48540,142112
48540,141408
48540,56870
48540,25480
48540,141770
48540,141031
48540,88247
48540,141428
48540,139525
48540,142509
48540,140327
48540,39597
48600,55677
48600,103887
48600,140681
48600,142152
48600,141445
48600,142520
48600,140689
48600,27245
48600,141028
48600,142534
48600,141844
48600,42502
48600,141080
48600,84983
48600,141753
48600,142545
48600,86075
48600,139899
48600,142172
48600,141461
48600,140629
48600,139954
48600,56828
48600,100260
48600,142556
48600,141356
48600,83490
48600,141767
48600,141080
48600,84983
48600,86075
48600,88247
48600,27245
48600,73710
48600,141793
48600,142206
48600,141470
48600,141810
48600,141074
48600,75862
48600,61570
48600,141464
48600,56870
48600,142477
48600,141490
48600,142069
48600,84621
48600,84983
48600,142138
48600,141439
48600,100226
48600,25480
48600,142509
48600,89701
48600,142480
48600,94777
48600,141459
48600,140709
48600,84983
48600,114876
48600,142092
48600,70293
48600,142422
48600,142132
48600,142146
48600,51423
48600,94414
48600,142514
48600,85564
48600,76202
48600,81085
48600,142551
48600,141011
48600,142588
48600,100226
48600,73710
48600,142161
48600,25480
48600,142155
48600,73710
48600,139977
48600,89694
48600,141049
48600,79500
48600,94777
48600,141020
48600,142149
48600,86332
48600,142112
48600,141408
48600,56870
48600,25480
48600,141770
48600,141031
48600,88247
48600,141428
48600,139525
48600,142509
48600,140327
48600,39597
48660,55677
48660,103887
48660,140681
48660,142152
48660,141445
48660,142520
48660,140689
48660,27245
48660,141028
48660,142534
48660,141844
48660,42502
48660,141080
48660,84983
48660,141753
48660,142545
48660,86075
48660,139899
48660,142172
48660,141461
48660,140629
48660,139954
48660,56828
48660,100260
48660,142556
48660,141356
48660,83490
48660,141767
48660,141080
48660,84983
48660,86075
48660,88247
48660,27245
48660,73710
48660,141793
48660,142206
48660,141470
48660,141810
48660,141074
48660,75862
48660,61570
48660,141464
48660,56870
48660,142477
48660,141490
48660,142069
48660,84621
48660,84983
48660,142138
48660,141439
48660,100226
48660,25480
48660,142509
48660,89701
48660,142480
48660,94777
48660,141459
48660,140709
48660,84983
48660,114876
48660,142092
48660,70293
48660,142422
48660,142132
48660,142146
48660,51423
48660,94414
48660,142514
48660,85564
48660,76202
48660,81085
48660,142551
48660,141011
48660,142588
48660,100226
48660,73710
48660,142161
48660,25480
48660,142155
48660,73710
48660,139977
48660,89694
48660,141049
48660,79500
48660,94777
48660,141020
48660,142149
48660,82196
48660,142112
48660,141408
48660,56870
48660,25480
48660,141770
48660,141031
48660,88247
48660,141428
48660,139525
48660,142509
48660,140327
48660,39597
48720,55677
48720,103887
48720,140681
48720,142152
48720,141445
48720,142520
48720,140689
48720,27245
48720,141028
48720,142534
48720,141844
48720,42502
48720,141080
48720,84983
48720,141753
48720,142545
48720,86075
48720,139899
48720,142172
48720,141461
48720,140629
48720,139954
48720,56828
48720,100260
48720,142556
48720,141356
48720,83490
48720,141767
48720,141080
48720,84983
48720,86075
48720,88247
48720,27245
48720,73710
48720,141793
48720,142206
48720,141470
48720,141810
48720,141074
48720,75862
48720,61570
48720,141464
48720,56870
48720,142477
48720,141490
48720,142069
48720,84621
48720,84983
48720,142138
48720,141439
48720,100226
48720,25480
48720,142509
48720,89701
48720,142480
48720,94777
48720,141459
48720,140709
48720,84983
48720,114876
48720,142092
48720,70293
48720,142422
48720,142132
48720,142146
48720,51423
48720,94414
48720,142514
48720,85564
48720,76202
48720,81085
48720,142551
48720,141011
48720,142588
48720,100226
48720,73710
48720,142161
48720,25480
48720,142155
48720,73710
48720,139977
48720,89694
48720,141049
48720,79500
48720,94777
48720,141020
48720,142149
48720,82196
48720,142112
48720,141408
48720,56870
48720,25480
48720,141770
48720,141031
48720,88247
48720,141428
48720,139525
48720,142509
48720,140327
48720,39597
48780,55677
48780,103887
48780,140681
48780,142152
48780,141445
48780,142520
48780,140689
48780,27245
48780,141028
48780,142534
48780,141844
48780,42502
48780,141080
48780,84983
48780,141753
48780,142545
48780,86075
48780,139899
48780,142172
48780,141461
48780,140629
48780,139954
48780,61570
48780,100260
48780,142556
48780,141356
48780,83490
48780,141767
48780,141080
48780,84983
48780,86075
48780,88247
48780,27245
48780,73710
48780,141793
48780,142206
48780,141470
48780,141810
48780,141074
48780,75862
48780,61570
48780,141464
48780,56870
48780,142477
48780,141490
48780,142069
48780,84621
48780,84983
48780,142138
48780,141439
48780,100226
48780,25480
48780,142509
48780,89701
48780,142480
48780,94777
48780,141459
48780,140709
48780,84983
48780,114876
48780,142092
48780,70293
48780,142422
48780,142132
48780,142146
48780,51423
48780,94414
48780,142514
48780,85564
48780,76202
48780,81085
48780,142551
48780,141011
48780,142588
48780,100226
48780,73710
48780,142161
48780,25480
48780,142155
48780,73710
48780,139977
48780,89694
48780,141049
48780,79500
48780,94777
48780,141020
48780,142149
48780,82196
48780,142112
48780,141408
48780,56870
48780,25480
48780,141770
48780,141031
48780,88247
48780,141428
48780,139525
48780,142509
48780,140327
48780,39597
48840,55677
48840,103887
48840,140681
48840,142152
48840,141445
48840,142520
48840,140689
48840,27245
48840,141028
48840,142534
48840,141844
48840,42502
48840,141080
48840,84983
48840,141753
48840,142545
48840,86075
48840,139899
48840,142172
48840,141461
48840,140629
48840,139954
48840,61570
48840,100260
48840,142556
48840,141356
48840,83490
48840,141767
48840,141080
48840,84983
48840,86075
48840,88247
48840,27245
48840,73710
48840,141793
48840,142206
48840,141470
48840,141810
48840,141074
48840,75862
48840,61570
48840,141464
48840,56870
48840,142477
48840,141490
48840,142069
48840,84621
48840,84983
48840,142138
48840,141439
48840,100226
48840,25480
48840,142509
48840,89701
48840,142480
48840,94777
48840,141459
48840,140709
48840,84983
48840,114876
48840,142092
48840,70293
48840,142422
48840,142132
48840,142146
48840,51423
48840,94414
48840,142514
48840,85564
48840,76202
48840,81085
48840,142551
48840,141011
48840,142588
48840,100226
48840,73710
48840,142161
48840,25480
48840,142155
48840,73710
48840,139977
48840,89694
48840,141049
48840,79500
48840,94777
48840,141020
48840,142149
48840,82196
48840,142112
48840,141408
48840,56870
48840,25480
48840,141770
48840,141031
48840,88247
48840,141428
48840,139525
48840,142509
48840,140327
48840,39597
48900,55677
48900,103887
48900,140681
48900,142152
48900,141445
48900,142520
48900,140689
48900,27245
48900,141028
48900,142534
48900,141844
48900,42502
48900,141080
48900,84983
48900,141753
48900,142545
48900,86075
48900,139899
48900,142172
48900,141461
48900,140629
48900,139954
48900,61570
48900,100260
48900,142556
48900,141356
48900,83490
48900,141767
48900,141080
48900,84983
48900,86075
48900,88247
48900,27245
48900,73710
48900,141793
48900,142206
48900,141470
48900,141810
48900,141074
48900,75862
48900,61570
48900,141464
48900,56870
48900,142477
48900,141490
48900,142069
48900,84621
48900,84983
48900,142138
48900,141439
48900,100226
48900,25480
48900,142509
48900,89701
48900,142480
48900,94777
48900,141459
48900,140709
48900,84983
48900,114876
48900,142092
48900,70293
48900,142422
48900,142132
48900,142146
48900,51423
48900,94414
48900,142514
48900,85564
48900,76202
48900,81085
48900,142551
48900,141011
48900,142588
48900,100226
48900,73710
48900,142161
48900,25480
48900,142155
48900,73710
48900,139977
48900,89694
48900,141049
48900,79500
48900,94777
48900,141020
48900,142149
48900,82196
48900,142112
48900,141408
48900,56870
48900,25480
48900,141770
48900,141031
48900,88247
48900,141428
48900,139525
48900,142509
48900,140327
48900,39597
48960,55677
48960,103887
48960,140681
48960,142152
48960,141445
48960,142520
48960,140689
48960,27245
48960,141028
48960,142534
48960,141844
48960,42502
48960,141080
48960,84983
48960,141753
48960,142545
48960,86075
48960,139899
48960,142172
48960,141461
48960,140629
48960,139954
48960,61570
48960,100260
48960,142556
48960,141356
48960,83490
48960,141767
48960,141080
48960,84983
48960,86075
48960,88247
48960,27245
48960,73710
48960,141793
48960,142206
48960,141470
48960,141810
48960,141074
48960,75862
48960,61570
48960,141464
48960,56870
48960,142477
48960,141490
48960,142069
48960,84621
48960,84983
48960,142138
48960,141439
48960,100226
48960,25480
48960,142509
48960,89701
48960,142480
48960,94777
48960,141459
48960,140709
48960,84983
48960,114876
48960,142092
48960,70293
48960,142422
48960,142132
48960,142146
48960,51423
48960,94414
48960,142514
48960,85564
48960,76202
48960,81085
48960,142551
48960,141011
48960,142588
48960,100226
48960,73710
48960,142161
48960,25480
48960,142155
48960,73710
48960,139977
48960,89694
48960,141049
48960,79500
48960,94777
48960,141020
48960,142149
48960,82196
48960,142112
48960,141408
48960,56870
48960,25480
48960,141770
48960,141031
48960,88247
48960,141428
48960,139525
48960,142509
48960,140327
48960,39597
49020,55677
49020,103887
49020,140681
49020,142152
49020,141445
49020,142520
49020,140689
49020,27245
49020,141028
49020,142534
49020,141844
49020,42502
49020,141080
49020,84983
49020,141753
49020,142545
49020,86075
49020,139899
49020,142172
49020,141461
49020,140629
49020,139954
49020,61570
49020,100260
49020,142556
49020,141356
49020,83490
49020,141767
49020,141080
49020,84983
49020,86075
49020,88247
49020,27245
49020,73710
49020,141793
49020,142206
49020,141470
49020,141810
49020,141074
49020,75862
49020,61570
49020,141464
49020,56870
49020,142477
49020,141490
49020,142069
49020,84621
49020,84983
49020,142138
49020,141439
49020,100226
49020,25480
49020,142509
49020,89701
49020,142480
49020,94777
49020,141459
49020,140709
49020,84983
49020,114876
49020,142092
49020,70293
49020,142422
49020,142132
49020,142146
49020,51423
49020,94414
49020,142514
49020,85564
49020,76202
49020,81085
49020,142551
49020,141011
49020,142588
49020,100226
49020,73710
49020,142161
49020,25480
49020,142155
49020,73710
49020,139977
49020,89694
49020,141049
49020,79500
49020,94777
49020,141020
49020,142149
49020,82196
49020,142112
49020,141408
49020,56870
49020,25480
49020,141770
49020,141031
49020,88247
49020,141428
49020,139525
49020,142509
49020,140327
49020,39597
49080,55677
49080,103887
49080,140681
49080,142152
49080,141445
49080,142520
49080,140689
49080,27245
49080,141028
49080,142534
49080,141844
49080,42502
49080,141080
49080,84983
49080,141753
49080,142545
49080,86075
49080,139899
49080,142172
49080,141461
49080,140629
49080,139954
49080,61570
49080,100260
49080,142556
49080,141356
49080,83490
49080,141767
49080,141080
49080,84983
49080,86075
49080,88247
49080,27245
49080,73710
49080,141793
49080,142206
49080,141470
49080,141810
49080,141074
49080,75862
49080,61570
49080,141464
49080,56870
49080,142477
49080,141490
49080,142069
49080,84621
49080,84983
49080,142138
49080,141439
49080,100226
49080,25480
49080,142509
49080,89701
49080,142480
49080,94777
49080,141459
49080,140709
49080,84983
49080,114876
49080,142092
49080,70293
49080,142422
49080,142132
49080,142146
49080,51423
49080,94414
49080,142514
49080,85564
49080,76202
49080,81085
49080,142551
49080,141011
49080,142588
49080,100226
49080,73710
49080,142161
49080,25480
49080,142155
49080,73710
49080,139977
49080,89694
49080,141049
49080,79500
49080,94777
49080,141020
49080,142149
49080,82196
49080,142112
49080,141408
49080,56870
49080,25480
49080,141770
49080,141031
49080,88247
49080,141428
49080,139525
49080,142509
49080,140327
49080,39597
49140,55677
49140,103887
49140,140681
49140,142152
49140,141445
49140,142520
49140,140689
49140,27245
49140,141028
49140,142534
49140,141844
49140,42502
49140,141080
49140,84983
49140,141753
49140,142545
49140,86075
49140,139899
49140,142172
49140,141461
49140,140629
49140,139954
49140,61570
49140,100260
49140,142556
49140,141356
49140,83490
49140,141767
49140,141080
49140,84983
49140,86075
49140,88247
49140,27245
49140,73710
49140,141793
49140,142206
49140,141470
49140,141810
49140,141074
49140,75862
49140,61570
49140,141464
49140,56870
49140,142477
49140,141490
49140,142069
49140,84621
49140,84983
49140,142138
49140,141439
49140,100226
49140,25480
49140,142509
49140,89701
49140,142480
49140,94777
49140,141459
49140,140709
49140,84983
49140,114876
49140,142092
49140,70293
49140,142422
49140,142132
49140,142146
49140,51423
49140,94414
49140,142514
49140,85564
49140,76202
49140,81085
49140,142551
49140,141011
49140,142588
49140,100226
49140,73710
49140,142161
49140,25480
49140,142155
49140,73710
49140,139977
49140,89694
49140,141049
49140,79500
49140,94777
49140,141020
49140,142149
49140,82196
49140,142112
49140,141408
49140,56870
49140,25480
49140,141770
49140,141031
49140,88247
49140,141428
49140,139525
49140,142509
49140,140327
49140,39597
49200,55677
49200,103887
49200,140681
49200,142152
49200,141445
49200,142520
49200,140689
49200,27245
49200,141028
49200,142534
49200,141844
49200,42502
49200,141080
49200,84983
49200,141753
49200,142545
49200,86075
49200,139899
49200,142172
49200,141461
49200,140629
49200,139954
49200,61570
49200,100260
49200,142556
49200,141356
49200,83490
49200,141767
49200,141080
49200,84983
49200,86075
49200,88247
49200,27245
49200,73710
49200,141793
49200,142206
49200,141470
49200,141810
49200,141074
49200,75862
49200,61570
49200,141464
49200,56870
49200,142477
49200,141490
49200,142069
49200,84621
49200,84983
49200,142138
49200,141439
49200,100226
49200,25480
49200,142509
49200,89701
49200,142480
49200,94777
49200,141459
49200,140709
49200,84983
49200,114876
49200,142092
49200,70293
49200,142422
49200,142132
49200,142146
49200,51423
49200,94414
49200,142514
49200,85564
49200,76202
49200,81085
49200,142551
49200,141011
49200,142588
49200,100226
49200,73710
49200,142161
49200,25480
49200,142155
49200,73710
49200,139977
49200,89694
49200,141049
49200,79500
49200,94777
49200,141020
49200,142149
49200,82196
49200,142112
49200,141408
49200,56870
49200,25480
49200,141770
49200,141031
49200,88247
49200,141428
49200,139525
49200,142509
49200,140327
49200,39597
49260,55677
49260,103887
49260,140681
49260,142152
49260,141445
49260,142520
49260,140689
49260,27245
49260,141028
49260,142534
49260,141844
49260,42502
49260,141080
49260,84983
49260,141753
49260,142545
49260,86075
49260,139899
49260,142172
49260,141461
49260,140629
49260,139954
49260,61570
49260,100260
49260,142556
49260,141356
49260,83490
49260,141767
49260,141080
49260,84983
49260,86075
49260,88247
49260,27245
49260,73710
49260,141793
49260,142206
49260,141470
49260,141810
49260,141074
49260,75862
49260,61570
49260,141464
49260,56870
49260,142477
49260,141490
49260,142069
49260,84621
49260,84983
49260,142138
49260,141439
49260,100226
49260,25480
49260,142509
49260,89701
49260,142480
49260,94777
49260,141459
49260,140709
49260,84983
49260,114876
49260,142092
49260,70293
49260,142422
49260,142132
49260,142146
49260,51423
49260,94414
49260,142514
49260,85564
49260,76202
49260,81085
49260,142551
49260,141011
49260,142588
49260,100226
49260,73710
49260,142161
49260,25480
49260,142155
49260,73710
49260,139977
49260,89694
49260,141049
49260,79500
49260,94777
49260,141020
49260,142149
49260,82196
49260,142112
49260,141408
49260,56870
49260,25480
49260,141770
49260,141031
49260,88247
49260,141428
49260,139525
49260,142509
49260,140327
49260,39597
49320,55677
49320,103887
49320,140681
49320,142152
49320,141445
49320,142520
49320,140689
49320,27245
49320,141028
49320,142534
49320,141844
49320,42502
49320,141080
49320,84983
49320,141753
49320,142545
49320,86075
49320,139899
49320,142172
49320,141461
49320,140629
49320,139954
49320,61570
49320,100260
49320,142556
49320,141356
49320,83490
49320,141767
49320,141080
49320,84983
49320,86075
49320,88247
49320,27245
49320,73710
49320,141793
49320,142206
49320,141470
49320,141810
49320,141074
49320,75862
49320,61570
49320,141464
49320,56870
49320,142477
49320,141490
49320,142069
49320,84621
49320,84983
49320,142138
49320,141439
49320,100226
49320,25480
49320,142509
49320,89701
49320,142480
49320,94777
49320,141459
49320,140709
49320,84983
49320,114876
49320,142092
49320,70293
49320,142422
49320,142132
49320,142146
49320,51423
49320,94414
49320,142514
49320,85564
49320,76202
49320,81085
49320,142551
49320,141011
49320,142588
49320,100226
49320,73710
49320,142161
49320,25480
49320,142155
49320,73710
49320,139977
49320,89694
49320,141049
49320,79500
49320,94777
49320,141020
49320,142149
49320,82196
49320,142112
49320,141408
49320,56870
49320,25480
49320,141770
49320,141031
49320,88247
49320,141428
49320,139525
49320,142509
49320,140327
49320,39597
49380,55677
49380,103887
49380,140681
49380,142152
49380,141445
49380,142520
49380,140689
49380,27245
49380,141028
49380,142534
49380,141844
49380,42502
49380,141080
49380,84983
49380,141753
49380,142545
49380,86075
49380,139899
49380,142172
49380,141461
49380,140629
49380,139954
49380,61570
49380,100260
49380,142556
49380,141356
49380,83490
49380,141767
49380,141080
49380,84983
49380,86075
49380,88247
49380,27245
49380,73710
49380,141793
49380,142206
49380,141470
49380,141810
49380,141074
49380,75862
49380,61570
49380,141464
49380,56870
49380,142477
49380,141490
49380,142069
49380,84621
49380,84983
49380,142138
49380,141439
49380,100226
49380,25480
49380,142509
49380,89701
49380,142480
49380,94777
49380,141459
49380,140709
49380,84983
49380,114876
49380,142092
49380,70293
49380,142422
49380,142132
49380,142146
49380,51423
49380,94414
49380,142514
49380,85564
49380,76202
49380,81085
49380,142551
49380,141011
49380,142588
49380,100226
49380,73710
49380,142161
49380,25480
49380,142155
49380,73710
49380,139977
49380,89694
49380,141049
49380,79500
49380,94777
49380,141020
49380,142149
49380,82196
49380,142112
49380,141408
49380,56870
49380,25480
49380,141770
49380,141031
49380,88247
49380,141428
49380,139525
49380,142509
49380,140327
49380,39597
49440,55677
49440,103887
49440,140681
49440,142152
49440,141445
49440,142520
49440,140689
49440,27245
49440,141028
49440,142534
49440,141844
49440,42502
49440,141080
49440,84983
49440,141753
49440,142545
49440,86075
49440,139899
49440,142172
49440,141461
49440,140629
49440,139954
49440,61570
49440,100260
49440,142556
49440,141356
49440,83490
49440,141767
49440,141080
49440,84983
49440,86075
49440,88247
49440,27245
49440,73710
49440,141793
49440,142206
49440,141470
49440,141810
49440,141074
49440,75862
49440,61570
49440,141464
49440,56870
49440,142477
49440,141490
49440,142069
49440,84621
49440,84983
49440,142138
49440,141439
49440,100226
49440,25480
49440,142509
49440,89701
49440,142480
49440,94777
49440,141459
49440,140709
49440,84983
49440,114876
49440,142092
49440,70293
49440,142422
49440,142132
49440,142146
49440,51423
49440,94414
49440,142514
49440,85564
49440,76202
49440,81085
49440,142551
49440,141011
49440,142588
49440,100226
49440,73710
49440,142161
49440,25480
49440,142155
49440,73710
49440,139977
49440,89694
49440,141049
49440,79500
49440,94777
49440,141020
49440,142149
49440,82196
49440,142112
49440,141408
49440,56870
49440,25480
49440,141770
49440,141031
49440,88247
49440,141428
49440,139525
49440,142509
49440,140327
49440,39597
49500,55677
49500,103887
49500,140681
49500,142152
49500,141445
49500,142520
49500,140689
49500,27245
49500,141028
49500,142534
49500,141844
49500,42502
49500,141080
49500,84983
49500,141753
49500,142545
49500,86075
49500,139899
49500,142172
49500,141461
49500,140629
49500,139954
49500,61570
49500,100260
49500,142556
49500,141356
49500,83490
49500,141767
49500,141080
49500,84983
49500,86075
49500,88247
49500,27245
49500,73710
49500,141793
49500,142206
49500,141470
49500,141810
49500,141074
49500,75862
49500,61570
49500,141464
49500,56870
49500,142477
49500,141490
49500,142069
49500,84621
49500,84983
49500,142138
49500,141439
49500,100226
49500,25480
49500,142509
49500,89701
49500,142480
49500,94777
49500,141459
49500,140709
49500,84983
49500,114876
49500,142092
49500,70293
49500,142422
49500,142132
49500,142146
49500,51423
49500,94414
49500,142514
49500,85564
49500,76202
49500,81085
49500,142551
49500,141011
49500,142588
49500,100226
49500,73710
49500,142161
49500,25480
49500,142155
49500,73710
49500,139977
49500,89694
49500,141049
49500,79500
49500,94777
49500,141020
49500,142149
49500,82196
49500,142112
49500,141408
49500,56870
49500,25480
49500,141770
49500,141031
49500,88247
49500,141428
49500,139525
49500,142509
49500,140327
49500,39597
49560,55677
49560,103887
49560,140681
49560,142152
49560,141445
49560,142520
49560,140689
49560,27245
49560,141028
49560,142534
49560,141844
49560,42502
49560,141080
49560,84983
49560,141753
49560,142545
49560,86075
49560,139899
49560,142172
49560,141461
49560,140629
49560,139954
49560,61570
49560,100260
49560,142556
49560,141356
49560,83490
49560,141767
49560,141080
49560,84983
49560,86075
49560,88247
49560,27245
49560,73710
49560,141793
49560,142206
49560,141470
49560,141810
49560,141074
49560,75862
49560,61570
49560,141464
49560,56870
49560,142477
49560,141490
49560,142069
49560,84621
49560,84983
49560,142138
49560,141439
49560,100226
49560,25480
49560,142509
49560,89701
49560,142480
49560,94777
49560,141459
49560,140709
49560,84983
49560,114876
49560,142092
49560,70293
49560,142422
49560,142132
49560,142146
49560,51423
49560,94414
49560,142514
49560,85564
49560,76202
49560,81085
49560,142551
49560,141011
49560,142588
49560,100226
49560,73710
49560,142161
49560,25480
49560,142155
49560,73710
49560,139977
49560,89694
49560,141049
49560,79500
49560,94777
49560,141020
49560,142149
49560,82196
49560,142112
49560,141408
49560,56870
49560,25480
49560,141770
49560,141031
49560,88247
49560,141428
49560,139525
49560,142509
49560,140327
49560,39597
49620,55677
49620,103887
49620,140681
49620,142152
49620,141445
49620,142520
49620,140689
49620,27245
49620,141028
49620,142534
49620,141844
49620,42502
49620,141080
49620,84983
49620,141753
49620,142545
49620,86075
49620,139899
49620,142172
49620,141461
49620,140629
49620,139954
49620,61570
49620,100260
49620,142556
49620,141356
49620,83490
49620,141767
49620,141080
49620,84983
49620,86075
49620,88247
49620,27245
49620,73710
49620,141793
49620,142206
49620,141470
49620,141810
49620,141074
49620,75862
49620,61570
49620,141464
49620,56870
49620,142477
49620,141490
49620,142069
49620,84621
49620,84983
49620,142138
49620,141439
49620,100226
49620,25480
49620,142509
49620,89701
49620,142480
49620,94777
49620,141459
49620,140709
49620,84983
49620,114876
49620,142092
49620,70293
49620,142422
49620,142132
49620,142146
49620,51423
49620,94414
49620,142514
49620,85564
49620,76202
49620,87421
49620,142551
49620,141011
49620,142588
49620,100226
49620,73710
49620,142161
49620,25480
49620,142155
49620,73710
49620,139977
49620,89694
49620,141049
49620,79500
49620,94777
49620,141020
49620,142149
49620,82196
49620,142112
49620,141408
49620,56870
49620,25480
49620,141770
49620,141031
49620,88247
49620,141428
49620,139525
49620,142509
49620,140327
49620,39597
49680,55677
49680,103887
49680,140681
49680,142152
49680,141445
49680,142520
49680,140689
49680,27245
49680,141028
49680,142534
49680,141844
49680,42502
49680,141080
49680,84983
49680,141753
49680,142545
49680,86075
49680,139899
49680,142172
49680,141461
49680,140629
49680,139954
49680,61570
49680,100260
49680,142556
49680,141356
49680,83490
49680,141767
49680,141080
49680,84983
49680,86075
49680,88247
49680,27245
49680,73710
49680,141793
49680,142206
49680,141470
49680,141810
49680,141074
49680,75862
49680,61570
49680,141464
49680,56870
49680,142477
49680,141490
49680,142069
49680,84621
49680,84983
49680,142138
49680,141439
49680,100226
49680,25480
49680,142509
49680,89701
49680,142480
49680,94777
49680,141459
49680,140709
49680,84983
49680,114876
49680,142092
49680,77224
49680,142422
49680,142132
49680,142146
49680,51423
49680,94414
49680,142514
49680,85564
49680,76202
49680,87421
49680,142551
49680,141011
49680,142588
49680,100226
49680,73710
49680,142161
49680,25480
49680,142155
49680,73710
49680,139977
49680,89694
49680,141049
49680,79500
49680,94777
49680,141020
49680,142149
49680,82196
49680,142112
49680,141408
49680,56870
49680,25480
49680,141770
49680,141031
49680,88247
49680,141428
49680,139525
49680,142509
49680,140327
49680,39597
49740,55677
49740,103887
49740,140681
49740,142152
49740,141445
49740,142520
49740,140689
49740,27245
49740,141028
49740,142534
49740,141844
49740,42502
49740,141080
49740,84983
49740,141753
49740,142545
49740,86075
49740,139899
49740,142172
49740,141461
49740,140629
49740,139954
49740,61570
49740,100260
49740,142556
49740,141356
49740,83490
49740,141767
49740,141080
49740,84983
49740,86075
49740,88247
49740,27245
49740,73710
49740,141793
49740,142206
49740,141470
49740,141810
49740,141074
49740,75862
49740,61570
49740,141464
49740,56870
49740,142477
49740,141490
49740,142069
49740,84621
49740,84983
49740,142138
49740,141439
49740,100226
49740,25480
49740,142509
49740,89701
49740,142480
49740,94777
49740,141459
49740,140709
49740,84983
49740,114876
49740,142092
49740,77224
49740,142422
49740,142132
49740,142146
49740,51423
49740,94414
49740,142514
49740,85564
49740,76202
49740,87421
49740,142551
49740,141011
49740,142588
49740,100226
49740,73710
49740,142161
49740,25480
49740,142155
49740,73710
49740,139977
49740,89694
49740,141049
49740,79500
49740,94777
49740,141020
49740,142149
49740,82196
49740,142112
49740,141408
49740,56870
49740,25480
49740,141770
49740,141031
49740,88247
49740,141428
49740,139525
49740,142509
49740,140327
49740,39597
49800,55677
49800,103887
49800,140681
49800,142152
49800,141445
49800,142520
49800,140689
49800,27245
49800,141028
49800,142534
49800,141844
49800,42502
49800,141080
49800,84983
49800,141753
49800,142545
49800,86075
49800,139899
49800,142172
49800,141461
49800,140629
49800,139954
49800,61570
49800,100260
49800,142556
49800,141356
49800,83490
49800,141767
49800,141080
49800,84983
49800,86075
49800,88247
49800,27245
49800,73710
49800,141793
49800,142206
49800,141470
49800,141810
49800,141074
49800,75862
49800,61570
49800,141464
49800,56870
49800,142477
49800,141490
49800,142069
49800,84621
49800,84983
49800,142138
49800,141439
49800,100226
49800,25480
49800,142509
49800,89701
49800,142480
49800,94777
49800,141459
49800,140709
49800,84983
49800,114876
49800,142092
49800,77224
49800,142422
49800,142132
49800,142146
49800,51423
49800,94414
49800,142514
49800,85564
49800,76202
49800,87421
49800,142551
49800,141011
49800,142588
49800,100226
49800,73710
49800,142161
49800,25480
49800,142155
49800,73710
49800,139977
49800,89694
49800,141049
49800,79500
49800,94777
49800,141020
49800,142149
49800,82196
49800,142112
49800,141408
49800,56870
49800,25480
49800,141770
49800,141031
49800,88247
49800,141428
49800,139525
49800,142509
49800,140327
49800,39597
49860,55677
49860,103887
49860,140681
49860,142152
49860,141445
49860,142520
49860,140689
49860,27245
49860,141028
49860,142534
49860,141844
49860,42502
49860,141080
49860,84983
49860,141753
49860,142545
49860,86075
49860,139899
49860,142172
49860,141461
49860,140629
49860,139954
49860,61570
49860,100260
49860,142556
49860,141356
49860,83490
49860,141767
49860,141080
49860,84983
49860,86075
49860,88247
49860,27245
49860,73710
49860,141793
49860,142206
49860,141470
49860,141810
49860,141074
49860,75862
49860,61570
49860,141464
49860,56870
49860,142477
49860,141490
49860,142069
49860,84621
49860,84983
49860,142138
49860,141439
49860,100226
49860,25480
49860,142509
49860,89701
49860,142480
49860,94777
49860,141459
49860,140709
49860,84983
49860,114876
49860,142092
49860,77224
49860,142422
49860,142132
49860,142146
49860,51423
49860,94414
49860,142514
49860,85564
49860,76202
49860,87421
49860,142551
49860,141011
49860,142588
49860,100226
49860,73710
49860,142161
49860,25480
49860,142155
49860,73710
49860,139977
49860,89694
49860,141049
49860,79500
49860,94777
49860,141020
49860,142149
49860,82196
49860,142112
49860,141408
49860,56870
49860,25480
49860,141770
49860,141031
49860,88247
49860,141428
49860,139525
49860,142509
49860,140327
49860,39597
49920,55677
49920,103887
49920,140681
49920,142152
49920,141445
49920,142520
49920,140689
49920,27245
49920,141028
49920,142534
49920,141844
49920,42502
49920,141080
49920,84983
49920,141753
49920,142545
49920,86075
49920,139899
49920,142172
49920,141461
49920,140629
49920,139954
49920,61570
49920,100260
49920,142556
49920,141356
49920,83490
49920,141767
49920,141080
49920,84983
49920,86075
49920,88247
49920,27245
49920,73710
49920,141793
49920,142206
49920,141470
49920,141810
49920,141074
49920,75862
49920,61570
49920,141464
49920,56870
49920,142477
49920,141490
49920,142069
49920,84621
49920,84983
49920,142138
49920,141439
49920,100226
49920,25480
49920,142509
49920,89701
49920,142480
49920,94777
49920,141459
49920,140709
49920,84983
49920,114876
49920,142092
49920,77224
49920,142422
49920,142132
49920,142146
49920,51423
49920,94414
49920,142514
49920,85564
49920,76202
49920,87421
49920,142551
49920,141011
49920,142588
49920,100226
49920,73710
49920,142161
49920,25480
49920,142155
49920,73710
49920,139977
49920,89694
49920,141049
49920,79500
49920,94777
49920,141020
49920,142149
49920,82196
49920,142112
49920,141408
49920,56870
49920,25480
49920,141770
49920,141031
49920,88247
49920,141428
49920,139525
49920,142509
49920,140327
49920,39597
49980,55677
49980,103887
49980,140681
49980,142152
49980,141445
49980,142520
49980,140689
49980,27245
49980,141028
49980,142534
49980,141844
49980,42502
49980,141080
49980,84983
49980,141753
49980,142545
49980,86075
49980,139899
49980,142172
49980,141461
49980,140629
49980,139954
49980,61570
49980,100260
49980,142556
49980,141356
49980,83490
49980,141767
49980,141080
49980,84983
49980,86075
49980,88247
49980,27245
49980,73710
49980,141793
49980,142206
49980,141470
49980,141810
49980,141074
49980,75862
49980,61570
49980,141464
49980,56870
49980,142477
49980,141490
49980,142069
49980,84621
49980,84983
49980,142138
49980,141439
49980,100226
49980,25480
49980,142509
49980,89701
49980,142480
49980,94777
49980,141459
49980,140709
49980,84983
49980,114876
49980,142092
49980,77224
49980,142422
49980,142132
49980,142146
49980,51423
49980,94414
49980,142514
49980,85564
49980,76202
49980,87421
49980,142551
49980,141011
49980,142588
49980,100226
49980,73710
49980,142161
49980,25480
49980,142155
49980,73710
49980,139977
49980,89694
49980,141049
49980,79500
49980,94777
49980,141020
49980,142149
49980,86309
49980,142112
49980,141408
49980,56870
49980,25480
49980,141770
49980,141031
49980,88247
49980,141428
49980,139525
49980,142509
49980,140327
49980,39597
50040,55677
50040,103887
50040,140681
50040,142152
50040,141445
50040,142520
50040,140689
50040,27245
50040,141028
50040,142534
50040,141844
50040,42502
50040,141080
50040,84983
50040,141753
50040,142545
50040,86075
50040,139899
50040,142172
50040,141461
50040,140629
50040,139954
50040,61570
50040,100260
50040,142556
50040,141356
50040,83490
50040,141767
50040,141080
50040,84983
50040,86075
50040,88247
50040,27245
50040,73710
50040,141793
50040,142206
50040,141470
50040,141810
50040,141074
50040,75862
50040,61570
50040,141464
50040,56870
50040,142477
50040,141490
50040,142069
50040,84621
50040,84983
50040,142138
50040,141439
50040,100226
50040,25480
50040,142509
50040,89701
50040,142480
50040,94777
50040,141459
50040,140709
50040,84983
50040,114876
50040,142092
50040,77224
50040,142422
50040,142132
50040,142146
50040,51423
50040,94414
50040,142514
50040,85564
50040,76202
50040,87421
50040,142551
50040,141011
50040,142588
50040,100226
50040,73710
50040,142161
50040,25480
50040,142155
50040,73710
50040,139977
50040,89694
50040,141049
50040,79500
50040,94777
50040,141020
50040,142149
50040,86309
50040,142112
50040,141408
50040,56870
50040,25480
50040,141770
50040,141031
50040,88247
50040,141428
50040,139525
50040,142509
50040,140327
50040,39597
50100,55677
50100,103887
50100,140681
50100,142152
50100,141445
50100,142520
50100,140689
50100,27245
50100,141028
50100,142534
50100,141844
50100,42502
50100,141080
50100,84983
50100,141753
50100,142545
50100,86075
50100,139899
50100,142172
50100,141461
50100,140629
50100,139954
50100,61570
50100,100260
50100,142556
50100,141356
50100,83490
50100,141767
50100,141080
50100,84983
50100,86075
50100,88247
50100,27245
50100,73710
50100,141793
50100,142206
50100,141470
50100,141810
50100,141074
50100,75862
50100,61570
50100,141464
50100,56870
50100,142477
50100,141490
50100,142069
50100,84621
50100,84983
50100,142138
50100,141439
50100,100226
50100,25480
50100,142509
50100,89701
50100,142480
50100,94777
50100,141459
50100,140709
50100,84983
50100,114876
50100,142092
50100,77224
50100,142422
50100,142132
50100,142146
50100,51423
50100,94414
50100,142514
50100,80373
50100,76202
50100,87421
50100,142551
50100,141011
50100,142588
50100,100226
50100,73710
50100,142161
50100,25480
50100,142155
50100,73710
50100,139977
50100,89694
50100,141049
50100,79500
50100,94777
50100,141020
50100,142149
50100,86309
50100,142112
50100,141408
50100,56870
50100,25480
50100,141770
50100,141031
50100,88247
50100,141428
50100,139525
50100,142509
50100,140327
50100,39597
50160,55677
50160,103887
50160,140681
50160,142152
50160,141445
50160,142520
50160,140689
50160,27245
50160,141028
50160,142534
50160,141844
50160,42502
50160,141080
50160,84983
50160,141753
50160,142545
50160,86075
50160,139899
50160,142172
50160,141461
50160,140629
50160,139954
50160,61570
50160,100260
50160,142556
50160,141356
50160,83490
50160,141767
50160,141080
50160,84983
50160,86075
50160,88247
50160,27245
50160,73710
50160,141793
50160,142206
50160,141470
50160,141810
50160,141074
50160,75862
50160,61570
50160,141464
50160,56870
50160,142477
50160,141490
50160,142069
50160,84621
50160,84983
50160,142138
50160,141439
50160,100226
50160,25480
50160,142509
50160,89701
50160,142480
50160,94777
50160,141459
50160,140709
50160,84983
50160,114876
50160,142092
50160,77224
50160,142422
50160,142132
50160,142146
50160,51423
50160,94414
50160,142514
50160,80373
50160,76202
50160,87421
50160,142551
50160,141011
50160,142588
50160,100226
50160,73710
50160,142161
50160,25480
50160,142155
50160,73710
50160,139977
50160,89694
50160,141049
50160,79500
50160,94777
50160,141020
50160,142149
50160,86309
50160,142112
50160,141408
50160,56870
50160,25480
50160,141770
50160,141031
50160,88247
50160,141428
50160,139525
50160,142509
50160,140327
50160,39597
50220,55677
50220,103887
50220,140681
50220,142152
50220,141445
50220,142520
50220,140689
50220,27245
50220,141028
50220,142534
50220,141844
50220,42502
50220,141080
50220,84983
50220,141753
50220,142545
50220,86075
50220,139899
50220,142172
50220,141461
50220,140629
50220,139954
50220,61570
50220,100260
50220,142556
50220,141356
50220,83490
50220,141767
50220,141080
50220,84983
50220,86075
50220,88247
50220,27245
50220,73710
50220,141793
50220,142206
50220,141470
50220,141810
50220,141074
50220,75862
50220,61570
50220,141464
50220,56870
50220,142477
50220,141490
50220,142069
50220,84621
50220,84983
50220,142138
50220,141439
50220,100226
50220,25480
50220,142509
50220,89701
50220,142480
50220,94777
50220,141459
50220,140709
50220,84983
50220,114876
50220,142092
50220,77224
50220,142422
50220,142132
50220,142146
50220,51423
50220,94414
50220,142514
50220,80373
50220,76202
50220,87421
50220,142551
50220,141011
50220,142588
50220,100226
50220,73710
50220,142161
50220,25480
50220,142155
50220,73710
50220,139977
50220,89694
50220,141049
50220,79500
50220,94777
50220,141020
50220,142149
50220,86309
50220,142112
50220,141408
50220,56870
50220,25480
50220,141770
50220,141031
50220,88247
50220,141428
50220,139525
50220,142509
50220,140327
50220,39597
50280,55677
50280,103887
50280,140681
50280,142152
50280,141445
50280,142520
50280,140689
50280,27245
50280,141028
50280,142534
50280,141844
50280,42502
50280,141080
50280,84983
50280,141753
50280,142545
50280,86075
50280,139899
50280,142172
50280,141461
50280,140629
50280,139954
50280,61570
50280,100260
50280,142556
50280,141356
50280,83490
50280,141767
50280,141080
50280,84983
50280,86075
50280,88247
50280,27245
50280,73710
50280,141793
50280,142206
50280,141470
50280,141810
50280,141074
50280,75862
50280,61570
50280,141464
50280,56870
50280,142477
50280,141490
50280,142069
50280,84621
50280,84983
50280,142138
50280,141439
50280,100226
50280,25480
50280,142509
50280,89701
50280,142480
50280,94777
50280,141459
50280,140709
50280,84983
50280,114876
50280,142092
50280,77224
50280,142422
50280,142132
50280,142146
50280,51423
50280,94414
50280,142514
50280,80373
50280,76202
50280,87421
50280,142551
50280,141011
50280,142588
50280,100226
50280,73710
50280,142161
50280,25480
50280,142155
50280,73710
50280,139977
50280,89694
50280,141049
50280,79500
50280,94777
50280,141020
50280,142149
50280,86332
50280,142112
50280,141408
50280,56870
50280,25480
50280,141770
50280,141031
50280,88247
50280,141428
50280,139525
50280,142509
50280,140327
50280,39597
50340,55677
50340,103887
50340,140681
50340,142152
50340,141445
50340,142520
50340,140689
50340,27245
50340,141028
50340,142534
50340,141844
50340,42502
50340,141080
50340,84983
50340,141753
50340,142545
50340,86075
50340,139899
50340,142172
50340,141461
50340,140629
50340,139954
50340,61570
50340,100260
50340,142556
50340,141356
50340,83490
50340,141767
50340,141080
50340,84983
50340,86075
50340,88247
50340,27245
50340,73710
50340,141793
50340,142206
50340,141470
50340,141810
50340,141074
50340,75862
50340,61570
50340,141464
50340,56870
50340,142477
50340,141490
50340,142069
50340,84621
50340,84983
50340,142138
50340,141439
50340,100226
50340,25480
50340,142509
50340,89701
50340,142480
50340,94777
50340,141459
50340,140709
50340,84983
50340,114876
50340,142092
50340,77224
50340,142422
50340,142132
50340,142146
50340,51423
50340,94414
50340,142514
50340,80373
50340,76202
50340,87421
50340,142551
50340,141011
50340,142588
50340,100226
50340,73710
50340,142161
50340,25480
50340,142155
50340,73710
50340,139977
50340,89694
50340,141049
50340,79500
50340,94777
50340,141020
50340,142149
50340,86332
50340,142112
50340,141408
50340,56870
50340,25480
50340,141770
50340,141031
50340,88247
50340,141428
50340,139525
50340,142509
50340,140327
50340,39597
50400,55677
50400,103887
50400,140681
50400,142152
50400,141445
50400,142520
50400,140689
50400,27245
50400,141028
50400,142534
50400,141844
50400,42502
50400,141080
50400,84983
50400,141753
50400,142545
50400,86075
50400,139899
50400,142172
50400,141461
50400,140629
50400,139954
50400,61570
50400,100260
50400,142556
50400,141356
50400,83490
50400,141767
50400,141080
50400,84983
50400,86075
50400,88247
50400,27245
50400,73710
50400,141793
50400,142206
50400,141470
50400,141810
50400,141074
50400,75862
50400,61570
50400,141464
50400,56870
50400,142477
50400,141490
50400,142069
50400,84621
50400,84983
50400,142138
50400,141439
50400,100226
50400,25480
50400,142509
50400,89701
50400,142480
50400,94777
50400,141459
50400,140709
50400,84983
50400,114876
50400,142092
50400,77224
50400,142422
50400,142132
50400,142146
50400,51423
50400,94414
50400,142514
50400,80373
50400,76202
50400,87421
50400,142551
50400,141011
50400,142588
50400,100226
50400,73710
50400,142161
50400,25480
50400,142155
50400,73710
50400,139977
50400,89694
50400,141049
50400,79500
50400,94777
50400,141020
50400,142149
50400,86332
50400,142112
50400,141408
50400,56870
50400,25480
50400,141770
50400,141031
50400,88247
50400,141428
50400,139525
50400,142509
50400,140327
50400,39597
